gtin,site,product_id,brand,product_name,size,donor_site,donor_product_id,confidence
8809640730092,nykaa,20736553,Anua,Anua Heartleaf 77% Soothing Toner,,tira,15352781,0.9
8809640730283,nykaa,20736552,Anua,Anua Heartleaf 80 Moisture Soothing Ampoule,,tira,15352796,0.9
8904417316070,tira,7608329,Aqualogica,Aqualogica 5 Barrier + Repair Sunscreen with Avocado and 5 Essential Ceramides (50 g),50g,nykaa,16773949,1.0
8809634610508,nykaa,18188466,AXIS-Y,AXIS-Y Biome Resetting Moringa Cleansing Oil,200ml,tira,7612656,1.0
8809634610249,nykaa,17888348,AXIS-Y,AXIS-Y Spot the Difference Blemish Treatment,15ml,tira,7612649,1.0
8906133401788,nykaa,7443551,Be Bodywise,"Be Bodywise 10% Niacinamide Body Lotion - 48H Moisturization, Reduces Acne Marks, Nourishes Skin",200ml,tira,7577596,1.0
8809738310960,tira,7597913,Beauty of Joseon,"Beauty of Joseon Ginseng Essence Water, Barrier Care Korean Essence Toner with Niacinamide (150 ml)",150ml,nykaa,6951194,0.95
8809968130741,tira,7597898,Beauty of Joseon,Beauty of Joseon Relief Sun : Rice + Probiotics SPF 50+ PA++++ Most Loved Korean Sunscreen (10 ml),10ml,nykaa,12738423,1.0
8809949509146,tira,7616013,Belif,"Belif The True Cream Aqua Bomb -Vegan Korean Moisturizer with Niacinamide, Hyaluronic Acid (10 ml)",10ml,nykaa,19374671,0.977
8801051405811,nykaa,20798048,belif,belif Aqua Bomb Jelly Cleanser - Hydrating Vegan Korean Gentle Face Wash & & Makeup Remover,,tira,7562071,0.9
8809949509160,tira,7616029,Belif,Belif Aqua Bomb Jelly Cleanser - Hydrating Vegan Korean Gentle Face Wash & Makeup Remover (30 ml),30ml,nykaa,19374673,1.0
8801051476781,tira,7531463,Belif,"Belif The True Cream Moisturizing Bomb-Vegan & Korean, Ceramide & Peptides for Barrier Repair (50 ml)",50ml,nykaa,469629,0.903
8809949509153,tira,7616018,Belif,"Belif The True Cream Moisturizing Bomb - Vegan Korean,Ceramide,Peptides for Barrier Repair (10 ml)",10ml,nykaa,19374672,0.903
8809949509177,tira,7616014,Belif,Belif Numero10 Essence - Korean Vegan Water Toner & Brightening Serum for Glass Skin (10 ml),10ml,nykaa,19374674,1.0
8809949508705,tira,7692358,Belif,Belif Super Knights Regenerating Mask (30 ml),30ml,nykaa,20986635,1.0
8809949513600,tira,8764829,Belif,Belif UV Protector Korean Vegan Tinted Mineral Face Sunscreen SPF 50+ (20 ml),20ml,nykaa,22347009,1.0
8904506600325,nykaa,27544429,Biluma,Biluma Glow Vitamin C Serum,,tira,13329364,0.9
8888176026923,amazon,B07FBBH2PC,Bio Essence,"Bio Essence 24K Gold Radiance Face Cleanser, Niacinamide Face Wash for Women, Collagen Amino Acid, Hydrating Face Cleanser for Glowing Skin, Ideal for All Skin Types, Antioxidant, Anti Ageing, 100g",100g,nykaa,2655837,1.0
8888176030364,amazon,B09D8JF5CK,Bio Essence,"Bio Essence 24K Gold Skin Elixir, Vitamin C Face Serum, Moroccan Argan Oil, Hyaluronic Acid, Niacinamide, Dark Spots Correcting Serum For Face, Ideal for All Skin Types, 30g",30g,nykaa,2655840,1.0
8888176033150,amazon,B09HSJYK3V,Bio Essence,"Bio Essence Bio-Age'Luxe Skin Expert Cream With Retinoid A | Retinol ++ | Firming, Fights Wrinkles & Fine Lines | Neck Firming | Anti Ageing Cream | 45G",45g,nykaa,12405052,0.9
8888176035062,amazon,B0FNRN1352,Bio Essence,"Bio-essence Bio-Vlift Face Lifting Serum (30ml) | Firming, Tightening, Lifting, Serum with Ceramide, Hyaluronic Acid, Niacinamide and Peptides | For all skin types",30ml,nykaa,22670493,0.927
3701129802076,tira,8764838,Bioderma,Bioderma Anti Itching Balm Atoderm Intensive Baume (500 ml),500ml,nykaa,24089803,0.991
3701129802656,tira,7554348,Bioderma,Bioderma Atoderm Intensive Gel Creme Moisturizer - Dry to Very Dry Skin (75ml),75ml,nykaa,4961201,1.0
3401353806399,tira,7545900,Bioderma,Bioderma Sebium Gel Moussant Acne Defence Cleanser For Oily Acne Prone Skin (200ml),200ml,nykaa,7028,1.0
3701129807392,tira,7554343,Bioderma,"Bioderma Photoderm Aquafluide Claire SPF 50+ PA++++ Tinted Sunscreen, All Skin Types,In Vivo Tested (40ml)",40ml,nykaa,278741,1.0
3401353790339,tira,7545904,Bioderma,"Bioderma Photoderm Crème SPF 50+ PA++++ Hydrating Sunscreen for Normal to Dry Skin,In Vivo Tested (40ml)",40ml,nykaa,7024,1.0
3701129814710,tira,14153589,Bioderma,Bioderma Sebium Gel Moussant Acne Defence Cleanser For Oily Acne Prone Skin (400 ml),400ml,nykaa,25968480,1.0
3701129803400,tira,7554349,Bioderma,"Bioderma Sebium Actif Cleanser with Salicylic & Glycolic Acid for Acne Prone, Oily Skin (200ml)",200ml,nykaa,4961205,1.0
3522931003525,tira,7561142,Caudalie,Caudalie Vinergetic C+ Instant Detox Mask (75ml),75ml,nykaa,7106703,1.0
3522930003052,tira,7533897,Caudalie,Caudalie Vinoclean Instant Foaming Cleanser (50ml),50ml,nykaa,3445537,1.0
3522930003090,nykaa,3445552,Caudalie,Caudalie Vinoclean Micellar Cleansing Water,,tira,7533924,0.9
3522930004325,nykaa,15149092,Caudalie,Caudalie Vinoperfect Brightening Dark Spot Serum,30ml,tira,7599873,1.0
3522931004317,nykaa,15149094,Caudalie,Caudalie Vinoperfect Instant Brightening Micropeel,100ml,tira,7599874,1.0
3522930003427,nykaa,4200578,Caudalie,Caudalie Vinopure Purifying Toner,,tira,7533965,0.9
3522930004301,nykaa,15149091,Caudalie,Caudalie Vinosun Invisible High Protection Stick SPF 50,15g,tira,7599872,1.0
8901526690275,nykaa,25251981,CeraVe,CeraVe Blemish Control Cleanser With 2% Salicylic Acid & Niacinamide For Acne-Prone Skin,,tira,11760556,0.9
3337875597357,tira,12656044,CeraVe,CeraVe Foaming Cleanser Face Wash For Oily Skin (473 ml),473ml,nykaa,13169468,1.0
3337875597340,tira,12656039,CeraVe,CeraVe Foaming Cleanser Face Wash For Oily Skin (88 ml),88ml,nykaa,13169466,0.994
8901526700424,amazon,B0GRWD4GZ1,CeraVe,"CeraVe HA Water Gel with Hyaluronic Acid, Ceramides & Niacinamide for Plumpy hydration|Oil-free gel moisturizer| 3 sec fast absorption| Dermat recommended for Women & Men| 25 ml",25ml,nykaa,25980398,0.947
8901526700424,tira,11751421,CeraVe,CeraVe HA Water Gel Face Moisturizer With Hyaluronic Acid & Ceramides (25 ml),25ml,nykaa,25980398,0.947
3337875597180,tira,12656038,CeraVe,CeraVe Hydrating Cleanser Non-Foaming Face Wash for Dry Skin (236 ml),236ml,nykaa,13169464,1.0
3337875597333,tira,12656042,CeraVe,CeraVe Hydrating Cleanser Non-Foaming Face Wash for Dry Skin (473 ml),473ml,nykaa,13169465,1.0
3337875598996,tira,12656041,CeraVe,CeraVe Moisturizer Cream For Dry Skin & Barrier Repair (177 ml),177ml,nykaa,13169458,1.0
3337875597388,tira,8758671,CeraVe,CeraVe Moisturizer Cream For Dry Skin & Barrier Repair (454 g),454g,nykaa,13169460,1.0
3337875829007,amazon,B07VWSN95S,CeraVe,"CeraVe Resurfacing Retinol Serum For Blemish-Prone Skin, Reduces Post Acne Marks & Pores, Formulated with Licorice Root Extract & Niacinamide, Non-Comedogenic, 30ml",30ml,nykaa,20826332,1.0
8904506600035,nykaa,20985,Cetaphil,Cetaphil DAM Daily Advance Ultra Hydrating Lotion,,tira,14339408,0.9
3499320017275,nykaa,22012621,Cetaphil,Cetaphil Gentle Exfoliating SA Cleanser,,tira,8657748,0.9
3499320017275,tira,8748450,Cetaphil,Cetaphil Gentle Skin Cleanser (236 ml),236ml,nykaa,22012620,0.975
3499320017763,tira,8657749,Cetaphil,Cetaphil Gentle Exfoliating SA Cleanser (29 ml),29ml,nykaa,22012619,1.0
8906005274120,amazon,B075HBQ285,Cetaphil,Cetaphil Gentle Skin Cleanser 118ml (Pack of 2),2x125ml,tira,7552013,0.9
8906005274120,nykaa,22032,Cetaphil,Cetaphil Gentle Skin Cleanser,,tira,7552013,0.9
8906005274120,tira,7552016,Cetaphil,Cetaphil Gentle Skin Cleanser (125ml),125ml,nykaa,392482,0.9
8904506600059,nykaa,392484,Cetaphil,Cetaphil Moisturising Cream,,tira,8774815,0.9
8906005271624,tira,8748449,Cetaphil,Cetaphil Moisturising Lotion (236 ml),236ml,nykaa,26697,1.0
8906157903244,amazon,B0DRVVTBRP,Chemist at Play,"Chemist At Play 10% Vitamin C Serum for Glowing Skin | Pigmentation & Dark Spots | Skin Brightening Face Serum | With Ethyl Ascorbic Acid, Lactic Acid & Glucosamine | For Men & Women | 10 ml",10ml,nykaa,19850277,0.925
8906157904005,amazon,B0DXL9H99M,Chemist at Play,"Chemist At Play 2% Salicylic Acid Face Serum for Acne-Prone Skin | Treats Active Acne & Controls Oil | Fades Acne Marks | Improves Skin Texture | Lightweight, Non-Comedogenic | For Men & Women | 30 ml",30ml,nykaa,19540457,0.91
3666057202445,nykaa,16804739,Clarins,Clarins Double Serum,,tira,7604914,0.9
8901012189504,tira,7508730,Clean & Clear,Clean & Clear Foaming Face Wash (100 ml),100ml,nykaa,2169,0.917
020714045159,tira,7543028,CLINIQUE,CLINIQUE 7 Day Scrub Cream Rinse Off Formula (100ml),100ml,nykaa,76431,1.0
020714157760,tira,7543036,CLINIQUE,CLINIQUE All About Eyes Eye Cream (15ml),15ml,nykaa,76434,0.94
192333128909,tira,7557821,CLINIQUE,CLINIQUE Anti-Blemish Solutions Cleansing Foam (50ml),50ml,nykaa,4356483,1.0
020714462758,tira,7566759,CLINIQUE,CLINIQUE Clarifying Lotion 1.0 (200ml),200ml,nykaa,76421,0.94
020714800857,tira,7573340,CLINIQUE,CLINIQUE Clarifying Lotion 1 (200 ml),200ml,nykaa,76667,1.0
020714462772,tira,7543054,CLINIQUE,CLINIQUE Clarifying Lotion 3 (200ml),200ml,nykaa,76423,0.94
192333242780,tira,7550198,CLINIQUE,CLINIQUE Dramatically Different Moisturizing Lotion (50 ml),50ml,nykaa,21105468,1.0
020714002527,tira,7543051,CLINIQUE,CLINIQUE Exfoliating Scrub (100ml),100ml,nykaa,76673,1.0
192333066911,tira,7543032,CLINIQUE,CLINIQUE Moisture Surge 100H Auto Replenishing Hydrator (15ml),15ml,nykaa,1129285,1.0
192333066959,tira,7543045,CLINIQUE,CLINIQUE Moisture Surge 100H Auto-Replenishing Hydrator (125ml),125ml,nykaa,1309959,1.0
192333066935,tira,7543043,CLINIQUE,CLINIQUE Moisture Surge 100H Auto Replenishing Hydrator (50ml),50ml,nykaa,1129287,1.0
192333066942,tira,7543048,CLINIQUE,CLINIQUE Moisture Surge 100H Auto-Replenishing Hydrator (75ml),75ml,nykaa,1129288,1.0
192333211762,nykaa,18078171,Clinique,"Clinique Moisture Surge Active Glow Serum with Vitamin C, Lactic Acid & Hyaluronic Acid",30ml,tira,7615949,0.975
020714195786,tira,7603711,CLINIQUE,CLINIQUE Moisture Surge Face Spray (125 ml),125ml,nykaa,76675,0.983
192333043097,tira,7543058,CLINIQUE,CLINIQUE Moisture Surge Intense 72H Lipid Replenishing Hydrator (15ml),15ml,nykaa,6763814,1.0
192333042809,tira,7552735,CLINIQUE,CLINIQUE Moisture Surge Intense 72H Lipid Replenishing Hydrator (50ml),50ml,nykaa,960134,1.0
020714576219,tira,7603710,CLINIQUE,CLINIQUE Moisture Surge Overnight Mask (100 ml),100ml,nykaa,76678,1.0
192333144756,nykaa,21952499,Clinique,Clinique Smart Clinical Repair Lifting Face + Neck Cream,,tira,9578462,0.9
192333125144,tira,7543063,CLINIQUE,CLINIQUE Smart Clinical Repair Wrinkle Correcting Cream (15ml),15ml,nykaa,7943057,0.91
020714776114,tira,7577102,CLINIQUE,CLINIQUE SPF 50 UVA-UVB Mineral Sunscreen Fluid for Face (30ml),30ml,nykaa,76478,1.0
020714215552,tira,7542992,CLINIQUE,CLINIQUE Take The Day Off Cleansing Balm (125ml),125ml,nykaa,76671,1.0
726684148943,nykaa,25289533,Conscious Chemist,Conscious Chemist +5 Antioxidant Complex Rapid Glow & Brightening Face Serum,,tira,8610507,0.9
746935576370,nykaa,25289535,Conscious Chemist,Conscious Chemist The Defender Multi Peptide Retinol Anti Aging Night Gel Cream,,tira,7543080,0.9
8809416470016,nykaa,28145280,COSRX,COSRX Advanced Snail 92 All In One Cream,,tira,7522232,0.9
8809416471112,nykaa,28145278,COSRX,COSRX Salicylic Acid Daily Gentle Cleanser,,tira,7523983,0.9
8809782554884,amazon,B09D7QJP1M,d'alba Piedmont,"d'alba Piedmont Italian White Truffle Waterfull Tone-Up Sunscreen, Vegan Skincare, Tinted Moisturizer With Spf 50+ Pa++++, Glowy Sunscreen For Sensitive Skin - 50ml",50ml,nykaa,19917665,1.0
8908017448018,tira,7567372,d'you,d'you In My Defence Barrier-Building Moisturiser (50ml),50ml,nykaa,4514983,0.959
8908017448056,tira,7600034,d'you,d'you unkissed Serum Capsule Sunscreen SPF 50+ & PA++++ (50ml),50ml,nykaa,14426526,1.0
8908020017027,nykaa,3538704,Deconstruct,"Deconstruct 3% Niacinamide & 2% Salicylic Acid Serum, Liposomal Technology, Controls Oil & Acne",30ml,tira,7549813,0.964
8908020017096,nykaa,3538711,Deconstruct,"Deconstruct 5% Niacinamide Serum For Oily Skin + 2% Alpha Arbutin, Liposomal Technology, 4-In-1",30ml,tira,7549821,1.0
8908020017003,nykaa,13416193,Deconstruct,Deconstruct Brightening Serum - 10% Niacinamide + 0.3% Alpha Arbutin - Pack Of 2,,tira,7549832,0.9
8908020017928,amazon,B0D3HWWMY7,Deconstruct,"Deconstruct Fluid Brightening Sunscreen SPF 50+ PA++++ |Sunscreen with Niacinamide| Brightens Skin | Dewy finish| Gives glow| Lightweight, Quick absorb |For dry, oily,combination, normal skin |For Men & Women 50g",50g,nykaa,10723863,0.936
8908025314053,amazon,B0DZVQY398,Deconstruct,"Deconstruct Gel Sunscreen for Oily skin SPF 50 PA++++ |100% Photostable Sunscreen |4 New Gen UV Filters |In-Vivo |Lightweight, Airy, Non-greasy |For oily, combination, normal skin |For Men & Women 80g",80g,nykaa,19820081,0.92
8908020017041,nykaa,3538706,Deconstruct,"Deconstruct Hydrating Serum, 2% Hyaluronic Acid + 1% Niacinamide, Soft & Plump Skin",30ml,tira,7549818,1.0
8908020017072,nykaa,3538709,Deconstruct,"Deconstruct Retinol & Peptide Serum, 0.2% Retinol + 1% Peptide, Anti-Aging",30ml,tira,7549825,1.0
8901725993153,nykaa,305497,Dermafique,Dermafique All Important Skin Toner - Glycolic Acid & Antioxidants,150ml,tira,7549789,0.94
666151020818,tira,7550210,Dermalogica,Dermalogica Antioxidant Hydramist Toner with Rose (150ml),150ml,nykaa,17123,1.0
666151112162,nykaa,5645853,Dermalogica,Dermalogica Daily Glycolic Cleanser,,tira,7550196,0.9
666151020788,nykaa,10839,Dermalogica,Dermalogica Daily Microfoliant Face Scrub,,tira,7550215,0.9
666151020481,tira,7550219,Dermalogica,Dermalogica Daily Microfoliant Face Scrub (74g),74g,nykaa,4569,0.94
666151020092,nykaa,17207,Dermalogica,Dermalogica Multi-Active Toner Mini With Lavender,50ml,tira,7550192,1.0
8905348002995,amazon,B0GDTWPHJX,DERMATOUCH,DERMATOUCH Kojic Acid Ceramide SPF 50 PA+++ Natural Lip Balm - 5g | Moisturizing • Sun Protection • Nourishing | Reduces Pigmentation & Heals Dry Lips,5g,nykaa,24935955,0.965
8904035424911,amazon,B08RX6S5D1,DOT & KEY,"DOT & KEY Lip Plumping Mask With Shea Butter & Vitamin C + E For Naturally Glowing Lips | Smoothes Flaky & Dry Lips | LipMask For Soft,Smooth & Plump | (Lingonberry) |15Ml",15ml,nykaa,4873206,0.911
8906147703113,amazon,B0D2XSL77H,DOT & KEY,Dot & Key Strawberry Dew Tinted Sunscreen In-Vivo Tested SPF 50+ PA++++ With New-Age UV Filters 04 - Almond - 50ml,50ml,nykaa,28461120,1.0
8906147703120,amazon,B0H8XYF52M,DOT & KEY,Dot & Key Strawberry Dew Tinted Sunscreen In-Vivo Tested SPF 50+ PA++++ With New-Age UV Filters - 08 Hazelnut - 50ml,50ml,nykaa,28461121,0.943
8906147703137,amazon,B0H8Y545QV,DOT & KEY,Dot & Key Strawberry Dew Tinted Sunscreen In-Vivo Tested SPF 50+ PA++++ With New-Age UV Filters - 09 Fudge - 50ml,50ml,nykaa,28461122,0.943
8906147703151,amazon,B0H8XS45QB,DOT & KEY,Dot & Key Strawberry Dew Tinted Sunscreen In-Vivo Tested SPF 50+ PA++++ With New-Age UV Filters - 10 Espresso - 50ml,50ml,nykaa,28461123,0.943
8906147703168,amazon,B0H8XY7ZHK,DOT & KEY,Dot & Key Strawberry Dew Tinted Sunscreen In-Vivo Tested SPF 50+ PA++++ With New-Age UV Filters 04 - Almond - 50ml,50ml,nykaa,28461124,0.943
8906147703007,amazon,B0GL1XCMVR,DOT & KEY,"Dot & Key Strawberry Dew Tinted Sunscreen In-Vivo Tested SPF 50+ PA++++ With New-Age UV Filters, Brightens & Protects Skin, Ultra-light, Blends Easily, With Niacinamide, Natural Finish, Non-Sticky Peony | 50ml",50ml,nykaa,25431338,0.907
8904035425451,amazon,B09FXLGW94,DOT & KEY,"Dot & Key Vitamin C + E Super Bright Gel Moisturizer For Face, Visibly Boosts Glow, For All Skin Types, With Triple Vitamin C, Reduces Dark Spots, Evens Skin-Tone, Lightweight, Non-Sticky, Non-Greasys | 25ml",25ml,nykaa,2793279,0.983
8904035425536,amazon,B09FTKLD5G,DOT & KEY,"Vitamin C + E Super Bright Gel Moisturizer For Face, Visibly Boosts Glow, For All Skin Types, With Triple Vitamin C, Reduces Dark Spots, Evens Skin-Tone, Lightweight, Non-Sticky, Non-Greasy | 60Ml",60ml,nykaa,2793280,0.983
8906147700587,amazon,B0BLK4YRSN,DOT & KEY,"Dot & Key Vitamin C + E Super Bright Sunscreen In-Vivo Tested SPF 50+ PA++++ With New-Age UV Filters, Water-Light Fluid, Boosts Glow, Reduces Dullness & Dark Spots, Checks Tanning, No White Cast| 50G,Pack Of 1",50g,nykaa,8380668,0.93
8906147701485,amazon,B0CRH642BP,DOT & KEY,"Dot & Key Vitamin C + E Super Bright Sunscreen In-Vivo Tested SPF 50+ PA++++ With New-Age UV Filters, Water-Light Fluid, Boosts Glow, Reduces Dullness & Dark Spots, Checks Tanning, No White Cast | 80G,Pack Of 1",80g,nykaa,13862993,0.93
8906148701569,nykaa,18559979,Dr. Sheth's,Dr. Sheth's Centella And Niacinamide Moisturizing Cream,,tira,7611645,0.9
8906148700906,amazon,B0CM6JSF84,Dr. Sheth's,"Dr. Sheth's Ceramide & Vitamin C Oil - Free Moisturizer| Lightweight Moisturizer To Hydrate & Brighten Skin | With Vitamin C, Ceramide & Ashwagandha | For Women & Men | 100G",100g,nykaa,13312260,1.0
8906148701132,amazon,B0D398ZT8Z,Dr. Sheth's,Dr. Sheth's Ceramide & Vitamin C Sunscreen SPF 50+ PA++++ |In-Vivo Tested | For Healthy & Bright Skin | Lightweight & Non Greasy | For UVA/UVB & Blue Light & IR Protection | No white cast | For All Skin Types | For Men & Women | 125 g,125g,nykaa,15599191,0.943
8906148701095,nykaa,12341930,Dr. Sheth's,Dr. Sheth's Ceramide & Vitamin C Sunscreen SPF 50+ PA++++ In-Vivo Tested for Bright Skin,,tira,7601640,0.9
8906148700579,amazon,B0C6KBHPZW,Dr. Sheth's,Dr. Sheth's Ceramide & Vitamin C Sunscreen SPF 50+ PA++++ |In-Vivo Tested | For Healthy & Bright Skin | Lightweight & Non Greasy | For UVA/UVB & Blue Light & IR Protection | No white cast | For All Skin Types | For Men & Women | 80 g,80g,nykaa,11742786,0.943
8906148700869,nykaa,23056220,Dr. Sheth's,Dr. Sheth's Kesar & Kojic Acid Oil-Free Moisturizer,,tira,7577330,0.9
8906148700883,nykaa,17357500,Dr. Sheth's,Dr. Sheth's Kesar & Kojic Sunscreen SPF 50+ PA++++ In-Vivo Tested for Pigmentation-Free Skin(50g),50g,tira,8667528,1.0
8809447256115,nykaa,23539174,Dr.Althea,Dr.Althea 345 Relief Cream Mist,,tira,8810410,0.9
8939121481790,nykaa,25230693,Eclipse Solaire,Eclipse Solaire Sunscreen SPF 50 PA++++ Active Physical Sunscreen Non Greasy Formula All Skin Types,,tira,10439845,0.9
0085805525279,tira,9351862,Elizabeth Arden,Elizabeth Arden Retinol + HPR Ceramide Serum Capsules (90 pcs),90x90pc,nykaa,25470466,0.96
3350900000394,tira,7523762,Embryolisse,Embryolisse Lait-Creme Concentre Moisturizer and Primer (30ml),30ml,nykaa,403562,0.96
887167485495,tira,7549442,Estee Lauder,Estee Lauder Advanced Night Repair Synchronized Multi Recovery Complex - (20ml),20ml,nykaa,833279,1.0
887167485471,tira,7532187,Estee Lauder,Estee Lauder Advanced Night Repair Synchronized Multi-Recovery Complex - (30ml),30ml,nykaa,833280,1.0
887167485488,tira,7532193,Estee Lauder,Estee Lauder Advanced Night Repair Synchronized Multi-Recovery Complex - (50ml),50ml,nykaa,833281,1.0
887167485501,tira,7532050,Estee Lauder,Estee Lauder Advanced Night Repair Synchronized Multi-Recovery Complex - (75ml),75ml,nykaa,833282,1.0
887167785250,tira,9329744,Estee Lauder,Estee Lauder Futurist Hydraplump Lip Balm - Bloom Cocoon (2.8 g),2.8g,nykaa,25062210,1.0
887167785342,tira,9329745,Estee Lauder,Estee Lauder Futurist Hydraplump Lip Balm - Cherry Glow (2.8 g),2.8g,nykaa,25062211,1.0
887167785359,tira,9329746,Estee Lauder,Estee Lauder Futurist Hydraplump Lip Balm - Raspberry Revival (2.8 g),2.8g,nykaa,25062213,1.0
887167785311,tira,9329747,Estee Lauder,Estee Lauder Futurist Hydraplump Lip Balm - Rosewood Rescue (2.8 g),2.8g,nykaa,25062214,1.0
887167558496,tira,7598695,Estee Lauder,Estee Lauder Perfectionist Pro Rapid Brightening Treatment 3.0 Serum (50ml),50ml,nykaa,14589733,1.0
027131988137,tira,7532158,Estee Lauder,Estee Lauder Perfectly Clean Multi-Action Toning Lotion + Refiner - (200ml),200ml,nykaa,81395,1.0
887167730533,nykaa,18068615,Estee Lauder,Estee Lauder Re-Nutriv Ultimate Diamond Age Reversal Eye Creme,15ml,tira,7613465,1.0
887167512986,tira,7596809,Estee Lauder,Estee Lauder Re-Nutriv Ultimate Lift Regenerating Youth Moisturizer Creme (50 ml),50ml,nykaa,15464890,0.991
887167672895,nykaa,18452892,Estee Lauder,Estee Lauder Revitalizing Supreme+ Bright Radiance Power Soft Creme,50ml,tira,7614698,1.0
4006000099422,amazon,B0DQLKMHFT,Eucerin,Eucerin Anti Pigment Cleansing Gel 2% Exfoliating AHA Complex 200ml,200ml,nykaa,26595251,1.0
818832020826,tira,7553693,Farmacy Beauty,Farmacy Beauty Deep Sweep 2% BHA Pore Cleaning Toner (120ml),120ml,nykaa,8677556,1.0
818832020925,tira,7553681,Farmacy Beauty,Farmacy Beauty Honey Halo Ultra-Hydrating Ceramide Moisturizer (50ml),50ml,nykaa,8677565,1.0
852575005856,tira,7575842,First Aid Beauty,First Aid Beauty Ultra Repair Cream (226g),226g,nykaa,12939365,1.0
8906187390427,tira,7614622,Fixderma,Fixderma Salyzap 2% Salicylic Acid Body Acne Spray (100ml),100ml,nykaa,18784234,1.0
8906058339807,nykaa,15753790,Fixderma,Fixderma 5% Niacinamide Serum Glow Booster Face serum with 6.5% Mandelic Acid & 0.5% Gallic Acid,,tira,7613172,0.9
8906187390014,amazon,B0GN24L79F,FIXDERMA,Fixderma Dewrav Acne Control & Oil Free Moisturizer for Face with Glycolic Acid | Niacinamide | Oily Skin | Face Moisturizer for Women & Men - 50 gm,50g,nykaa,17463911,1.0
8906058337537,amazon,B0BD4H29RJ,FIXDERMA,"Fixderma Foobetik Cream, Foot cream, Foot Care For Diabetic, For Dry & Cracked Feet, Moisturizes & Soothes Feet, Heel Repair, For Calloused, or Chapped Skin, Paraben Free - 50g",50g,nykaa,8685996,0.932
8906187391158,amazon,B0C3ZYD7QB,FIXDERMA,Fixderma Foobetik 20% Urea Foot Roll On For Dry & Cracked Heels with 5% Lactic Acid & 1% Magnesium | Dermatologically Tested | Helps Repair and Moisturise Cracked Heels - 60ml,60ml,tira,8660907,0.903
8906058330057,nykaa,4726175,Fixderma,"Fixderma Foot Cream For Dry, Cracker Or Calloused Foot Skin",,tira,7527360,0.9
8906058339814,amazon,B0F8JB14G6,FIXDERMA,"Fixderma Tranexamic Acid Pigment Correcting Serum | Face Serum for Melasma, Hyperpigmentation & Acne Spots | Acne Face Serum for Men & Women-30gm",30g,nykaa,15119994,0.975
8906187391011,tira,8598855,Fixderma,Fixderma Pigment Correcting Serum 3% Tranexamic Acid Serum for Melasma for Men & Women (10 g),10g,nykaa,21545136,1.0
8906187390885,tira,8598859,Fixderma,Fixderma Salyzap Face Cleanser 2% Salicylic Acid for Oily & Acne Prone Skin Face Wash (100 ml),100ml,nykaa,21557284,0.917
8906058330095,nykaa,4726176,Fixderma,Fixderma Shadow SPF 30+ Gel,,tira,7532096,0.9
8906058330071,tira,7532062,Fixderma,"Fixderma Sunscreen - SPF 30+ PA+++ Shadow Sunscreen SPF30+ Gel For Oily Skin,UVA-UVB Protection (40g)",40g,nykaa,4726169,0.998
8906058336530,tira,7571814,Fixderma,"Fixderma Sunscreen - SPF 50+ PA+++ Shadow Sunscreen SPF 50+ Gel For Oily Skin, UVA-UVB Protection (40g)",40g,nykaa,10630873,0.964
8906187391103,tira,8598854,Fixderma,Fixderma Skarfix Plus 4% Kojic Acid Brightening Face Serum (10 g),10g,nykaa,21545132,1.0
8906058339951,amazon,B0D6FWYSQ2,FIXDERMA,"Fixderma Skarfix-TX Face Serum with 4% Kojic Acid, 4% Niacinamide Serum, 3% Tranexamic Acid & 2% Alpha Arbutin | Treats Hyper Pigmentation & Melasma | Reduce Acne Spots | brightening the Skin - 30ml",30ml,nykaa,16060806,0.975
8906058336486,nykaa,10017261,Fixderma,Fixderma Tranexamic Acid + 2%Kojic Acid + 1%Arbutin SKARFIX TX Face Cream For Pigmentation,,tira,7531103,0.9
8906187391127,amazon,B0FT2HW561,FIXDERMA,"Fixderma Under Eye Cream Roll on with Peptides, Green Tea Extract & Vitamin E | Reduces Dark Circles, Puffiness, Wrinkles & Fine Lines | Triple Action | for Men & Women | 15g",15g,nykaa,23414390,0.975
8906058332976,amazon,B089NMJ8LH,FIXDERMA COSMETIC LABORATORIES,"FCL Eye Refining Matrix Under Eye Gel For Dark Circles, Puffiness & Fine Lines with Vitamin C & Hyaluronic Acid | Eye Serum for Dark Circles | For Women & Men Skin Care - 15 gm",15g,nykaa,6174285,1.0
8904153389277,tira,7554651,Forest Essentials,Forest Essentials Indian Rose Absolute After Bath Oil (130ml),130ml,nykaa,1228783,1.0
8904153389291,tira,7554650,Forest Essentials,Forest Essentials Mashobra Honey & Vanilla After Bath Oil (130ml),130ml,nykaa,1228784,1.0
8904153310790,tira,7554676,Forest Essentials,Forest Essentials Nargis After Bath Oil (130ml),130ml,nykaa,1228785,1.0
8904153388812,nykaa,304703,Forest Essentials,Forest Essentials Delicate Facial Cleanser - Kashmiri Saffron & Neem,,tira,7554678,0.9
8905452215199,nykaa,20518383,Forest Essentials,Forest Essentials Facial Tonic Mist Mogra,,tira,7618500,0.9
8904153388676,nykaa,255101,Forest Essentials,Forest Essentials Facial Tonic Mist Pure Rosewater,,tira,7554657,0.9
8904153367688,tira,7554668,Forest Essentials,Forest Essentials Pure Rosewater Facial Tonic Mist (50ml),50ml,nykaa,304696,0.994
8904153388416,tira,7554675,Forest Essentials,Forest Essentials Soundarya Advanced Age Defying Serum (30ml),30ml,nykaa,813973,1.0
8904153374921,tira,7554900,Forest Essentials,Forest Essentials Soundarya Radiance Cream with 24K Gold SPF 30 (30g),30g,nykaa,245161,1.0
8904153388423,tira,7554700,Forest Essentials,Forest Essentials Soundarya Radiance Cream with 24K Gold SPF 30 PA++ Moisturizer (50 g),50g,nykaa,34182,0.991
8905452158526,nykaa,14097164,Forest Essentials,Forest Essentials Tejasvi Brightening Emulsion Ayurvedic Face Massage Cream,,tira,7575520,0.9
8905452156232,nykaa,18407362,Forest Essentials,Forest Essentials Transformative Soundarya Night Cream with 24K Gold,,tira,7573076,0.9
8905452155914,tira,7608266,Forest Essentials,Forest Essentials Transformative Soundarya Night Cream With 24K Gold (45 g),45g,nykaa,17221040,1.0
8908025015899,amazon,B0G5384VCG,FoxTale,"Foxtale 10% Vitamin C-Glutathione Brightening Face Serum for Glowing Skin, Treats Dark Spots, Pigmentation & Dullness, Beginner & Sensitive Skin Friendly | All Skin Types | Women & Men | 10ml",10ml,nykaa,27671702,0.94
8906209550235,nykaa,28204147,Foxtale,Foxtale Brightening Moisturiser with Vitamin C & Niacinamide,,tira,13722385,0.9
8908018477000,amazon,B0FJ21NL7X,FoxTale,"Foxtale 10% Vitamin C-Glutathione Brightening Face Serum for Glowing Skin, Treats Dark Spots, Pigmentation & Dullness, Beginner & Sensitive Skin Friendly | All Skin Types | Women & Men | 30ml",30ml,nykaa,7828600,0.917
8908025015660,amazon,B0FQ56QQHK,FoxTale,"Foxtale Oil-Balancing Gel Face Moisturizer with Niacinamide & Cica | 8hr Oil-Free Glow | Lightweight & Non-Greasy | Reduces Acne & Calms Skin | For Oily & Acne-Prone Skin, 15ml | Men & Women",15ml,nykaa,22531234,0.985
8908025015486,amazon,B0F7HSWXQQ,FoxTale,"Foxtale Oil-Balancing Gel Moisturizer for Oily Skin with Niacinamide, 50ml | Non greasy, Lightweight, Quick Absorbing, Won't clog pores, grease free, Reduce Excess Oil, Combination, Cica, men, women",50ml,nykaa,20713313,0.958
8908025015295,tira,7614307,Foxtale,Foxtale Glow Sunscreen SPF 50 PA++++ with Vitamin C & Niacinamide for a Dewy Glow (80ml),80ml,nykaa,18889504,1.0
8901526005314,nykaa,29874,Garnier,Garnier Bright Complete Brightening Duo Action Face Wash,,tira,7531139,0.9
8901526600915,tira,7531269,Garnier,Garnier Bright Complete Vitamin C Facewash (100g),100g,nykaa,7070805,1.0
8901526005260,nykaa,6844,Garnier,Garnier Skin Naturals Light Complete Night Cream,,tira,7532307,0.9
6970175253959,amazon,B08HP7CLCP,Garnier,"Garnier Skin Naturals, Face Mask Set, Hydrating, Brightening, & Pore Reducing, Sakura Glow, Bright Complete & Black Serum Mask Pure Charcoal, 3 pcs, 84g | 3 face sheet masks for a facial like glow in 15 mins| Hydrates & detoxifies the skin. Enriched with natural ingredients",3x3pc,nykaa,1010261,0.912
8901526202928,tira,7504123,Garnier,Garnier Skin Naturals Wrinkle Lift Anti-Ageing Cream (18g),18g,nykaa,7688,1.0
8901526592616,amazon,B0D8B889LZ,Garnier,"Garnier Vitamin C + Face Serum for Skin Brightening & Anti-Dark Spots, 15ml | 100X Stronger than Vit C |2% Niacinamide 0.5% Salicylic Acid/BHA |Suitable for Oily, Dry, Sensitive Skin |For Men & Women",15ml,nykaa,1378030,0.94
8901526592623,amazon,B08FTQXWC7,Garnier,"Garnier Vitamin C + Face Serum for Skin Brightening & Anti-Dark Spots, 30ml | 100X Stronger than Vit C |2% Niacinamide 0.5% Salicylic Acid/BHA |Suitable for Oily, Dry, Sensitive Skin |For Men & Women",30ml,nykaa,937327,0.94
8901526592623,tira,7531794,Garnier,Garnier Vit C + Face Serum for Skin Brightening with 2% Niacinamide & 0.5% Salicylic Acid (30 ml),30ml,nykaa,937327,0.94
8994993016778,amazon,B09XTV433Y,Garnier,"Garnier Vitamin C + Face Serum for Skin Brightening & Anti-Dark Spots, 50ml | 100X Stronger than Vit C |2% Niacinamide 0.5% Salicylic Acid/BHA |Suitable for Oily, Dry, Sensitive Skin |For Men & Women",50ml,nykaa,5522717,0.94
8994993016778,tira,7595832,Garnier,Garnier Vit C + Face Serum for Skin Brightening with 2% Niacinamide & 0.5% Salicylic Acid (50 ml),50ml,nykaa,5522717,0.94
8906171510428,amazon,B0DMPBZHXK,Hyphen,"Hyphen 10% Heartleaf Extract & 7% Ceramides-NMF Face Cream Moisturizer | Rich Pillow Cream For Hydration, Deep Nourishment & Barrier Repair | For Dry Skin, Normal Skin & Sensitive Skin- 50ml",50ml,tira,15730389,0.985
8906171510428,nykaa,17885891,Hyphen,Hyphen 10% Heartleaf & 7% Ceramides-NMF Face Moisturizer| Rich Pillow Cream For Hydration,50ml,tira,15730389,0.985
8906171510190,nykaa,14166530,Hyphen,Hyphen Oil Control Daily Exfoliating Cleanser 2% AHA + BHA Salicylic Acid Face Wash For Oily Skin & Acne,100ml,tira,7596478,1.0
8906171510275,nykaa,22666983,Hyphen,Hyphen Rice Water Brightening Daily Cleanser,,tira,15730386,0.9
8906171510572,tira,15730400,Hyphen,Hyphen 10% Rice Water Brightening Daily Cleanser (200 ml),200ml,nykaa,22132735,1.0
8906171510589,tira,15730395,Hyphen,Hyphen Tinted Lip Balm - Orchid (10 g),10g,nykaa,22136371,0.908
8906171510329,tira,15730401,Hyphen,Hyphen Tinted Lip Balm - Hazel (10 g),10g,nykaa,15769484,0.917
8906171510596,tira,15730406,Hyphen,Hyphen Tinted Lip Balm - Jelly Glaze (10 g),10g,nykaa,22136372,0.935
8906171510343,tira,15730399,Hyphen,Hyphen Tinted Lip Balm - Vintage (10 g),10g,nykaa,15769486,0.917
8800294999422,tira,12507273,Innisfree,Innisfree Dewy Lip Balm - Rose Brick Toy Story Edition (3.2 g),3.2g,nykaa,27269244,1.0
8800294993512,tira,8724115,Innisfree,Innisfree Green Tea Ceramide Milky Toner (90 ml),90ml,nykaa,22854034,0.975
8809843675732,tira,7575750,Innisfree,Innisfree Green Tea Seed Hyaluronic Serum (80ml),80ml,nykaa,5879598,0.959
8809843662909,tira,7591545,Innisfree,Innisfree Kombucha Energy Sheet Mask – Revitalizing & Glow Boosting (22 ml),22ml,nykaa,9308375,1.0
8809843662855,tira,7591547,Innisfree,Innisfree Pomegranate Energy Sheet Mask – Brightening & Glow Boost (22 ml),22ml,nykaa,9308377,1.0
8809843662886,tira,7591546,Innisfree,Innisfree Soothing Energy Sheet Mask Heartleaf – Calms Sensitive Skin (22 ml),22ml,nykaa,9308370,1.0
8809843678719,tira,7523226,Innisfree,Innisfree Super Volcanic Pore Clay Mask (100 ml),100ml,nykaa,322018,0.935
8809843684116,tira,7611313,Innisfree,Innisfree UV Active Poreless Sunscreen SPF 50+ PA++++ for Even Toned Skin Mini (25 ml),25ml,nykaa,15986191,1.0
8809612864329,tira,7572175,Innisfree,Innisfree Volcanic Cluster BHA Foaming Daily Cleanser for Excess Oil Clogged Pores Oily Skin (150 g),150g,nykaa,524309,1.0
8809843662893,tira,7591548,Innisfree,Innisfree Yuzu Cream Energy Sheet Mask – Brightening & Radiant Skin (22 ml),22ml,nykaa,9308374,1.0
8904300511674,tira,7617305,Kama Ayurveda,Kama Ayurveda Amarrupa Contour-Defining & Firming Cream (30 ml),30ml,nykaa,19046657,0.975
8904300511513,tira,7617302,Kama Ayurveda,Kama Ayurveda Amarrupa Line Smoothing Face Serum (30 ml),30ml,nykaa,19046659,0.975
8904300511490,tira,7617308,Kama Ayurveda,Kama Ayurveda Kumkumadi Youth-Illuminating Silky Serum (30 ml),30ml,nykaa,19046663,0.994
8904300512459,tira,7617314,Kama Ayurveda,Kama Ayurveda Kumkumadi Youth-Recovering Night Balm (15 ml),15ml,nykaa,19046660,1.0
8904300511612,tira,7617315,Kama Ayurveda,Kama Ayurveda Kumkumadi Youth-Recovering Night Balm (30 ml),30ml,nykaa,19046661,1.0
8904300511933,tira,7617311,Kama Ayurveda,Kama Ayurveda Kumkumadi Youth-Revitalising Facial Oil (15 ml),15ml,nykaa,19046653,0.994
8904300510318,tira,7617313,Kama Ayurveda,Kama Ayurveda Kumkumadi Youth-Revitalising Facial Oil (30 ml),30ml,nykaa,19046654,0.994
8904300511599,tira,7617310,Kama Ayurveda,Kama Ayurveda Kumkumadi Youth-Revitalising Soft Cream (30 ml),30ml,nykaa,19046664,0.994
8904300511995,nykaa,26265790,Kama Ayurveda,Kama Ayurveda Sandanya Blemish Clarifying Dry Oil,,tira,12781382,0.9
8904300514736,tira,12781380,Kama Ayurveda,Kama Ayurveda Sandanya Blemish Clarifying Dry Oil (30 ml),30ml,nykaa,26265783,1.0
8904300514903,nykaa,26265787,Kama Ayurveda,Kama Ayurveda Sandanya Perfecting Matte Cream,,tira,12781369,0.9
8904300511698,tira,12781368,Kama Ayurveda,Kama Ayurveda Sandanya Perfecting Matte Cream (30 ml),30ml,nykaa,26265774,1.0
8904300514699,tira,12781374,Kama Ayurveda,Kama Ayurveda Sandanya Perfecting Matte Cream (50 ml),50ml,nykaa,26265775,1.0
8904300515146,nykaa,26265788,Kama Ayurveda,Kama Ayurveda Sandanya Purifying Fresh Serum,,tira,12781384,0.9
8904300515122,tira,12781370,Kama Ayurveda,Kama Ayurveda Sandanya Purifying Fresh Serum (30 ml),30ml,nykaa,26265777,1.0
8904300515108,tira,12781372,Kama Ayurveda,Kama Ayurveda Sandanya Purifying Fresh Serum (50 ml),50ml,nykaa,26265778,1.0
8904300511384,nykaa,26524088,Kama Ayurveda,Kama Ayurveda Vanasara Cardamom Purifying Mud Mask,,tira,12781371,0.9
8904300511407,nykaa,26667103,Kama Ayurveda,Kama Ayurveda Vanasara Turmeric Brightening Clay Mask,,tira,12781377,0.9
8906027070786,nykaa,447185,Kaya,Kaya Intense Hydration Body Lotion,,tira,7527710,0.9
8809572892424,nykaa,19212844,Klairs,Klairs All-Day Airy Mineral Sunscreen SPF50+ PA++++,,tira,7618496,0.9
8809115024046,nykaa,906450,Klairs,Klairs Freshly Juiced Vitamin E Mask,,tira,7508542,0.9
8809572890857,tira,7508559,Klairs,Klairs Supple Preparation Facial Toner - (30ml),30ml,nykaa,906438,1.0
3253581785911,tira,7531852,L'occitane,L'Occitane Almond Hand Cream (30ml),30ml,nykaa,286267,1.0
3253581785935,nykaa,1375675,L'Occitane,L'Occitane Almond Hand Cream,,tira,15443510,0.9
3253581763605,tira,7531556,L'occitane,L'occitane Immortelle Divine Cream - (50ml),50ml,nykaa,175337,1.0
3253581764527,tira,7532133,L'occitane,L'occitane Immortelle Divine Youth Face Oil - (15ml),15ml,nykaa,6888948,1.0
241206142310,nykaa,18111155,L'Occitane,L'Occitane Immortelle Glow Duo - Cleanser & Serum,,tira,7610813,0.9
3253581786536,nykaa,10071427,L'Occitane,L'Occitane Immortelle Precious Cleansing Foam,,tira,7575009,0.9
3253581760932,tira,7531402,L'occitane,L'occitane Immortelle Precious Cream - (8ml),8ml,nykaa,7286417,1.0
3253581768433,tira,7607446,L'occitane,L'occitane Immortelle Reset Anti-Aging Serum (30 ml),30ml,nykaa,2738980,1.0
3253581766330,tira,7531684,L'occitane,L'Occitane Immortelle Reset Triphase Essence (50 ml),50ml,nykaa,1271537,1.0
3253581766323,nykaa,1271541,L'Occitane,L'Occitane Immortelle Reset Triphase Essence,,tira,7531669,0.9
3253581766170,nykaa,14088436,L'Occitane,L'Occitane Reine Blanche Brightening Cream,,tira,7603408,0.9
3253581779545,nykaa,3640677,L'Occitane,L'Occitane Reine Blanche Serum,,tira,7618857,0.9
8904091145645,amazon,B0HBFGR4MM,La Shield,La Shield IR SPF 30 PA +++ Mineral Sunscreen Gel | UVA & UVB + Infrared Protection | Oil free | Lightweight | No white cast | Broad spectrum | Dermatologist Prescribed | For All Skin types | 60g,60g,nykaa,399776,1.0
8904091132157,amazon,B0F3P8XV3P,La Shield,La Shield Max SPF 80+ Sunscreen Lotion | PA++++ | Intense sun protection | For Highly sensitive skin | Moisture Boost Formula | Lightweight | Hydrating Sunscreen | Dermatologist Prescribed | For Men & Women | 50gm,50g,nykaa,20236979,0.965
707785313010,amazon,B07KMD8NJ2,La Shield,"La Shield SPF 40 PA+++ Mineral Sunscreen Gel | Superior Matte Finish | Oil-free | Lightweight | No white cast | For Acne Prone, Oily or sensitive skin |Dermatologist Prescribed | 50g",50g,nykaa,399774,0.975
8904026654105,amazon,B0FND7FS5T,Lacto Calamine,Lacto Calamine Dewy Rice Moisturizer for Face | 50g x Pack of 1 | Face Moisturiser with Rice Water & Niacinamide for Glass Skin | Korean Type Skin | Dermatologically Tested,50g,nykaa,22431921,1.0
8904026625785,tira,7555433,Lacto Calamine,"Lacto Calamine Face & Body Lotion Moisturizer, Combination to Normal Skin-Aloe Vera Extracts (120ml)",120ml,nykaa,4483,0.917
8809925136168,tira,7595969,Laneige,Laneige Bouncy And Firm Sleeping Mask (25 ml),25ml,nykaa,14231924,1.0
8809925170896,tira,7618294,Laneige,Laneige Glaze Craze Tinted Lip Serum - Blueberry Jelly (12 g),12g,nykaa,19901018,1.0
8809925170872,tira,7618290,Laneige,Laneige Glaze Craze Tinted Lip Serum - Cinnamon Sugar (12 g),12g,nykaa,19901015,1.0
8809925175815,tira,7618291,Laneige,Laneige Glaze Craze Tinted Lip Serum - Maple Glaze (12 g),12g,nykaa,19901019,1.0
8809925170889,tira,7618292,Laneige,Laneige Glaze Craze Tinted Lip Serum - Peach Glaze (12 g),12g,nykaa,19901016,1.0
8809925175822,tira,7618293,Laneige,Laneige Glaze Craze Tinted Lip Serum - Sugar Glaze (12 g),12g,nykaa,19901020,1.0
8809925134119,tira,7600098,Laneige,Laneige Lip Glowy Balm - Blueberry (10 g),10g,nykaa,15227379,1.0
8809925137561,tira,7600092,Laneige,Laneige Lip Glowy Balm - Gummy Bear (10 g),10g,nykaa,15227376,1.0
8809925134126,tira,7600091,Laneige,Laneige Lip Glowy Balm - Mango (10 g),10g,nykaa,15227380,1.0
8809925137554,tira,7600103,Laneige,Laneige Lip Glowy Balm - Berry (10 g),10g,nykaa,15227375,1.0
8809982769903,tira,8845765,medicube,medicube Collagen Jelly Cream (110 ml),110ml,nykaa,19912889,1.0
8800256112227,nykaa,25540808,Medicube,Medicube Collagen Jelly Cream,,tira,8845772,0.9
8906128100030,nykaa,15022069,Minimalist,Minimalist 10% Niacinamide Face Serum With Matmarine + Zinc For Reducing Oil & Blemishes,,tira,7532238,0.9
8906128100696,amazon,B0BN29VCD7,Minimalist,"Minimalist Lip Treatment Balm for Pigmented & Dark Lips | 8% L-Ascorbic Acid with Vitamin E, Radianskin & Glycerine | For Women & Men | 12 gm",12g,nykaa,7898706,0.962
8906128101921,nykaa,24846624,Minimalist,Minimalist Hyaluronic + Pga 02% Face Serum Mini,,tira,8774051,0.9
8906128101884,nykaa,20540004,Minimalist,Minimalist Light Fluid SPF 50 Face Sunscreen,,tira,8774054,0.9
8906128101174,nykaa,20337206,Minimalist,Minimalist Light Fluid SPF 50 Face Sunscreen,30ml,tira,8774050,1.0
8906128101419,tira,7618796,Minimalist,Minimalist Niacinamide 10% Face Serum (60 ml),60ml,nykaa,17719985,1.0
8906128101105,tira,7618797,Minimalist,Minimalist Retinol 0.3% Face Serum Mini (10 ml),10ml,nykaa,15598552,1.0
8906128100689,amazon,B0BJ6XPC77,Minimalist,"Minimalist Spf 30 Lip Balm With Ceramides & Hyaluronic Acid | Lip Protection & Nourishment | For Women & Men | 8 Gm, Off White",8g,nykaa,7898705,0.905
8906128100382,nykaa,17999996,Minimalist,Minimalist SPF 50 PA ++++ Sunscreen With Multi-Vitamin For Reducing Photoaging & No White Cast,,tira,7531921,0.9
8906128101433,nykaa,18876941,Minimalist,Minimalist Vitamin B5 10% Moisturizer,,tira,8774049,0.9
8906128101907,amazon,B0G25ZW49K,Minimalist,"Minimalist 16% Vitamin C Face Serum – Brightening & Glow-Boosting Formula with Vitamin E, Ferulic Acid & Fullerenes, Antioxidant Boost for Radiant Skin (10 ml)",10ml,nykaa,23976139,0.94
8906128100504,amazon,B09VPNK8VP,Minimalist,"Minimalist 16% Vitamin C Face Serum – Brightening & Glow-Boosting Formula with Vitamin E, Ferulic Acid & Fullerenes, Antioxidant Boost for Radiant Skin (20 ml)",20ml,nykaa,5121989,0.94
8809732910289,tira,7603158,Mixsoon,Mixsoon Soondy Centella Asiatica Essence (100 ml),100ml,nykaa,20681564,0.956
8901012185018,tira,7555644,Neutrogena,Neutrogena Deep Clean Facial Cleanser - (50ml),50ml,nykaa,2567,0.975
8904256020497,amazon,B0C5CXK9LT,NIVEA,"NIVEA Lip Balm, Fruity Peach Shine,4.8 g (Pack of 1)",4.8g,nykaa,13644,0.903
42204084,nykaa,19015731,NIVEA,NIVEA Soft Face Moisturizer Daily UV Light Moisurising Day cream with SPF 15,200ml,tira,7579009,0.94
4005900160942,amazon,B00OFG5K3M,NIVEA,"NIVEA Lip Balm, Fruity Peach Shine,4.8 g (Pack of 1)",4.8g,nykaa,222037,0.959
8909106067387,nykaa,23256954,Novology,"Novology Acne Clearing Serum, For Pimples, Whiteheads, Blackheads, For Sensitive Skin, Dermat Tested",,tira,8632398,0.9
8909106067394,nykaa,23256953,Novology,"Novology Bi-Phasic Serum for Hyperpigmentation, Dark Spots, Blemishes and Acne Marks, Dermat Tested",,tira,8632399,0.9
8809870306326,nykaa,17983741,Oceglow,"Oceglow Pore-Fect Cleansing Balm With Shea & Sunflower Oil Deep Cleanse, Pore Makeup Remover Balm",70g,tira,7611809,0.959
655439260015,nykaa,20193224,Paula's Choice,Paula's Choice Clear Pore Normalizing Cleanser,,tira,9462056,0.9
655439200516,tira,9462055,PAULA'S CHOICE,PAULA'S CHOICE Clear Pore Normalizing Cleanser (30 ml),30ml,nykaa,20193201,1.0
655439278072,tira,9462044,PAULA'S CHOICE,PAULA'S CHOICE Resist Youth-Extending Daily Hydrating Fluid (15 ml),15ml,nykaa,20193199,1.0
8906120589673,tira,7607161,Pilgrim,Pilgrim 10% Niacinamide with Kojic Acid & Korean Rice Water Face Serum For Clear & Glass Skin (10 ml),10ml,nykaa,15974221,1.0
8906120582193,amazon,B09JVPQTY9,Pilgrim,"Pilgrim 25% AHA + 2% BHA + 5% PHA Peeling Solution For Tan Removal - 30ml |10-Minute Facial At Home | Advanced Exfoliating Peel for Brighter & Smoother Skin, Pore Cleansing | For All Skin Type",30ml,tira,7556543,0.903
8904482501340,nykaa,17824556,Pilgrim,Pilgrim 5 Ceramides Barrier Repair Moisturizer with Korean CICA Lightweight & Non-Sticky,100g,tira,7616699,1.0
8904482504259,amazon,B0G52Y6JCZ,Pilgrim,Pilgrim Australian Kakadu Plum Vitamin C Face Moisturizer with Niacinamide for Glowing Skin | Triple Glow Brightening Cream | Hydrating Gel for Dark Spots & Pigmentation Removal | For All Skin - 50 g,50g,nykaa,24511011,0.929
8904482502125,amazon,B0F6NTH43P,Pilgrim,"Pilgrim Korean Light Gel Oil Free Hydra Glow Moisturizer Cream 100 g| With Hyaluronic Acids, 3% Niacinamide, Rice Water for 5x Hydration & Instant Glass Skin | Hydrating Gel for All Skin Type",100g,nykaa,20648698,1.0
8904482502118,amazon,B0FB9RBX16,Pilgrim,"Pilgrim Korean Light Gel Oil Free Hydra Glow Moisturizer Cream 50 g| With Hyaluronic Acids, 3% Niacinamide, Rice Water for 5x Hydration & Instant Glass Skin | Hydrating Gel for All Skin Type",50g,nykaa,20648697,1.0
8904482502118,tira,8142871,Pilgrim,Pilgrim Korean Rice Water Hydra Glow Light Gel Moisturizer (50 g),50g,nykaa,20648697,1.0
8906120580403,amazon,B08RP69JTQ,Pilgrim,"Pilgrim Alcohol Free Red Vine Face Toner Spray with Vitamin B3 and Aloe, Face Mist Spray For Anti Ageing, Glowing Skin, Dry, Oily Skin, Men & Women,100ml",100ml,nykaa,1135102,0.987
885190821891,nykaa,16818095,PIXI,PIXI Antioxidant Tonic,,tira,8632286,0.9
885190821488,nykaa,4398188,PIXI,PIXI Botanical Collagen Tonic,,tira,7599832,0.9
885190821549,nykaa,5203660,PIXI,PIXI Clarity Tonic,,tira,7597700,0.9
885190820009,nykaa,7242615,PIXI,PIXI Glow Mist,,tira,7597697,0.9
885190820023,nykaa,7242617,PIXI,PIXI Hydrating Milky Mist,,tira,7599833,0.9
885190821143,nykaa,6736089,PIXI,PIXI Retinol Tonic,,tira,7597731,0.9
885190821099,nykaa,4398187,PIXI,PIXI Rose Tonic,,tira,7597717,0.9
885190821228,nykaa,5332752,PIXI,PIXI Vitamin-C Tonic,,tira,7597735,0.9
8906118413096,tira,7532263,Plum,"Plum 1% Retinol Anti-Aging Face Serum, Bakuchiol Boosts Collagen, Reduces Lines & Wrinkles (30ml)",30ml,nykaa,2752246,0.998
8904430205207,tira,7610723,Plum,Plum Rice Water & 10% Niacinamide Face Serum (50 ml),50ml,nykaa,17423043,0.959
8904430202848,nykaa,1425356,Plum,Plum 15% Vitamin C Glow Face Serum - Dermat Tested To Fight Dark Spots- Pigmentation & Dull Skin,,tira,7570235,0.9
8904430208680,amazon,B0GWLHDVHF,Plum,"Plum 3% Niacinamide & Rice Water Face Toner | With Rice Ferment Extract | Alcohol-Free Toner | Tightens pores, Brightens Skin | Smoothens Skin | Fragrance-Free | 80 ml",80ml,nykaa,26760496,0.935
8904430208796,nykaa,27905374,Plum,Plum Black Rice & Niacinamide-TXA 10% Night Clarity Jelly Serum,,tira,12205912,0.9
8906118410798,tira,7500742,Plum,Plum BodyLovin' Vanilla Vibes Body Oil | Intense Moisture | Instant Glow | Non-Greasy (200ml),200ml,nykaa,1015167,0.959
8904430205924,nykaa,24044284,Plum,Plum Calendula & 10% Vitamin C Barrier Boosting + Glow Serum,,tira,7618135,0.9
8904430200325,nykaa,13752569,Plum,Plum Candy Melts Tinted Lip Balm - Strawberry Sorbet,,tira,7561664,0.9
8904430205511,nykaa,17822199,Plum,"Plum Green Tea & Zinc Super-Matte SPF 50 Sunscreen Gel For Oily, Combination Skin, No White Cast",50g,tira,7612632,0.988
8904430204842,tira,7600997,Plum,Plum Green Tea Pore Cleansing Gel Face Wash with Glycolic Acid Fights Acne & Oil Clear Skin (150 ml),150ml,nykaa,15995847,1.0
8906118416844,tira,7542495,Plum,Plum Green Tea Pore Cleansing Face Wash (50ml),50ml,nykaa,7722441,0.962
8906118412310,tira,7532167,Plum,"Plum 15% Vitamin C Glow Face Serum Dermat Tested Fight Dark Spots, Pigmentation & Dull Skin (30ml)",30ml,nykaa,1425355,1.0
680569830418,tira,7553057,Purearth,Purearth Illumine Supercritical Face Oil Ultimate Radiance Ritual (30 ml),30ml,nykaa,482899,1.0
793591602639,tira,7553052,Purearth,Purearth Mitti RAW Honey Face Masque Active Glow Reset (50 g),50ml,nykaa,7392108,0.969
793591602684,tira,7553063,Purearth,Purearth Qing Cleansing Oil Ultimate Emerald Melt (100 ml),100ml,nykaa,684856,0.975
793591602691,tira,7553066,Purearth,Purearth Sambac Botanical Essence Micro delivery Peptide Matrix (100 ml),100ml,nykaa,684857,0.95
8809486680056,nykaa,17997497,Pyunkang Yul,Pyunkang Yul Essence Toner,,tira,8605277,0.9
8809486680001,nykaa,17997499,Pyunkang Yul,Pyunkang Yul Mist Toner,,tira,8605279,0.9
8906063411178,amazon,B082KWT81N,RE' EQUIL,RE' EQUIL Ceramide & Hyaluronic Acid Moisturiser | Moisturizer For Face | Barrier Repair Cream | Long Lasting Hydration | Suitable For Normal To Dry Skin | 100G,100g,nykaa,654494,0.94
8908022836145,nykaa,27313149,Re'equil,Re'equil Fruit AHA Face Wash,,tira,9585083,0.9
8908022836367,nykaa,21969654,Re'equil,Re'equil Oil Free Aquagel Sunscreen SPF 50 PA++++,,tira,8647444,0.9
8809657115387,nykaa,19410636,Round Lab,Round Lab 1025 Dokdo Toner,,tira,8450842,0.9
4103040895554,amazon,B06XSQ879T,SebaMed,Sebamed Clear Face Care Gel | 50ml,50ml,nykaa,4726,1.0
4103040915641,amazon,B00DRE5HGS,SebaMed,Sebamed Lip balm for dry and chapped lips,,nykaa,4742,0.9
4103040044778,amazon,B0F7HQH656,SebaMed,Sebamed Lip balm for dry and chapped lips | Cherry,,nykaa,10016071,0.9
4103040044754,amazon,B0C2PQLN45,SebaMed,Sebamed Lip balm for dry and chapped lips | Strawberry,,nykaa,10016070,0.9
8809576261301,nykaa,18377183,SKIN1004,"Skin1004 Madagascar Centella Air-Fit All Skin Type Suncream Plus, SPF 50+ PA++++",50ml,tira,7591090,0.991
8809576261608,nykaa,18377182,SKIN1004,Skin1004 Madagascar Centella Air-Fit Suncream Light SPF 30,50ml,tira,7591080,0.94
8809576261219,nykaa,18377154,SKIN1004,Skin1004 Madagascar Centella Ampoule Foam,20ml,tira,7591084,1.0
8809576261868,nykaa,18377199,SKIN1004,Skin1004 Madagascar Centella Ampoule Kit,120ml,tira,7591104,1.0
8809576261318,nykaa,18377159,SKIN1004,Skin1004 Madagascar Centella Cream,30ml,tira,7595890,1.0
8809576260441,nykaa,18377158,SKIN1004,Skin1004 Madagascar Centella Cream,75ml,tira,7591085,1.0
8809576261073,nykaa,18377163,SKIN1004,Skin1004 Madagascar Centella Hyalu-Cica Brightening Toner,30ml,tira,7591120,1.0
8809576261486,nykaa,18377184,SKIN1004,SKIN1004 Madagascar Centella Hyalu-Cica First Serum,100ml,tira,7591111,0.942
8809576261493,nykaa,18377185,SKIN1004,Skin1004 Madagascar Centella Hyalu-Cica Moisture Cream,75ml,tira,7591087,1.0
8809576261592,nykaa,18377157,SKIN1004,Skin1004 Madagascar Centella Hyalu-Cica Water-Fit Sun Serum For All Skin Types SPF 50,50ml,tira,7591109,1.0
8809576261226,nykaa,18377167,SKIN1004,SKIN1004 Madagascar Centella Light Cleansing Oil,30ml,tira,7591122,1.0
8809576261455,nykaa,18377186,SKIN1004,Skin1004 Madagascar Centella Poremizing Clear Toner,210ml,tira,7591083,1.0
8809576261653,nykaa,18377200,SKIN1004,Skin1004 Madagascar Centella Poremizing Deep Cleansing Foam,125ml,tira,7591094,1.0
8809576261462,nykaa,18377215,SKIN1004,SKIN1004 Madagascar Centella Poremizing Fresh Ampoule,,tira,7591082,0.9
8809576260618,nykaa,18377169,SKIN1004,SKIN1004 Madagascar Centella Poremizing Fresh Ampoule,30ml,tira,7591108,1.0
8809576261646,nykaa,18377201,SKIN1004,Skin1004 Madagascar Centella Poremizing Light Gel Cream,75ml,tira,7591105,1.0
8809576261769,nykaa,18377206,SKIN1004,Skin1004 Madagascar Centella Probio-Cica Enrich Cream,50ml,tira,7591113,1.0
8809576261738,nykaa,18377204,SKIN1004,Skin1004 Madagascar Centella Probio-Cica Essence Toner,210ml,tira,7591107,1.0
8809576261134,nykaa,18377171,SKIN1004,Skin1004 Madagascar Centella Soothing Cream,75ml,tira,7591117,1.0
8809576261660,nykaa,18377189,SKIN1004,Skin1004 Madagascar Centella Tea-Trica Purifying Toner,210ml,tira,7591091,1.0
8809576261882,nykaa,18377173,SKIN1004,SKIN1004 Madagascar Centella Tea-Trica Relief Ampoule,30ml,tira,7595893,1.0
8809576261677,nykaa,18377217,SKIN1004,SKIN1004 Madagascar Centella Tea-Trica Relief Ampoule,,tira,7591123,0.9
8809576261165,nykaa,18377190,SKIN1004,Skin1004 Madagascar Centella Tone Brightening Boosting Toner,210ml,tira,7591101,1.0
8809576261189,nykaa,18377192,SKIN1004,Skin1004 Madagascar Centella Tone Brightening Cleansing Gel Foam,125ml,tira,7591124,1.0
8809576261622,nykaa,18377193,SKIN1004,Skin1004 Madagascar Centella Tone Brightening Tone-Up Sunscreen,50ml,tira,7591088,1.0
8809576261141,nykaa,18377176,SKIN1004,Skin1004 Madagascar Centella Toning Toner,210ml,tira,7591092,1.0
8809576261233,nykaa,18377198,SKIN1004,Skin1004 Madagascar Centella Travel Kit,5x5pc,tira,7591098,1.0
8809576260496,nykaa,18377178,SKIN1004,Skin1004 Madagascar Centella Watergel Sheet Ampoule Mask,25ml,tira,7595889,0.9
8809576260502,nykaa,18377220,SKIN1004,SKIN1004 Madagascar Centella Watergel Sheet Ampoule Mask,,tira,7595892,0.9
8809925158603,tira,7612582,Sulwhasoo,Sulwhasoo Concentrated Ginseng Rejuvenating Cream (50 ml),50ml,nykaa,7659483,1.0
8809925200067,nykaa,22852375,Sulwhasoo,Sulwhasoo Essential Firming Cream,,tira,8685981,0.9
8809803584753,tira,7576153,Sulwhasoo,Sulwhasoo First Care Activating Serum (15ml),15ml,nykaa,4626270,1.0
8800283631456,nykaa,4626272,Sulwhasoo,Sulwhasoo First Care Activating Serum VI,,tira,15820198,0.9
8809803580892,nykaa,758913,Sulwhasoo,Sulwhasoo Gentle Cleansing Foam,,tira,7576737,0.9
8809803584418,nykaa,758912,Sulwhasoo,Sulwhasoo Gentle Cleansing Oil,,tira,7576738,0.9
8809454982809,nykaa,17855355,Thank You Farmer,Thank You Farmer Be Beautiful Skin Tint Dewy Glow SPF50+ PA++++ - Honey,50ml,tira,7619039,1.0
5028197179649,nykaa,13303591,The Body Shop,The Body Shop Edelweiss Smoothing Day Cream,,tira,7558459,0.9
5028197184001,tira,7558446,The Body Shop,The Body Shop Tea Tree Oil (10ml),10ml,nykaa,25258,1.0
5028197260484,nykaa,13303586,The Body Shop,The Body Shop Vitamin C Daily Glow Cleansing Polish,100ml,tira,7558441,1.0
5028197192594,nykaa,13303576,The Body Shop,The Body Shop Vitamin C Glow Revealing Serum,30ml,tira,7561440,1.0
8904417323276,amazon,B0FYD8J6KG,The Derma Co,"The Derma Co 1% Kojic Acid Lip Balm with SPF 50 PA +++ I With Arbutin & Peptide Complex | Reduce Lip Pigmentation | Protects From Sun Damage | For Dark, Pigmented Lips | For Men & Women | 4.5 g",4.5g,nykaa,24413926,0.917
8906087775607,tira,7549699,The Derma Co,The Derma Co 10% Vitamin C Face Serum (30ml),30ml,nykaa,1498461,1.0
8904417309171,nykaa,28214842,The Derma Co,The Derma Co 2% Niacinamide Gentle Skin Cleanser,,tira,8682091,0.9
8904417309188,nykaa,28214843,The Derma Co,The Derma Co 2% Niacinamide Oily Skin Cleanser,,tira,7593000,0.9
8906087773849,amazon,B08TT6DPXN,The Derma Co,The Derma Co 2% Salicylic Acid Face Serum | Reduces acne & blackheads | Tightens pores | Exfoliates & soothes inflammation | 30 ml,30ml,nykaa,1172651,0.917
8904417318890,nykaa,27561084,The Derma Co,The Derma Co 2.5% Benzoyl Peroxide Gel Face Wash - Pack Of 2,,tira,7617985,0.9
8904417306521,nykaa,17848585,The Derma Co,The Derma Co Sali-Cinamide Anti-Acne Face Serum With 2% Salicylic Acid & 5% Niacinamide,,tira,7574217,0.9
8904417313000,nykaa,27561078,The Derma Co,The Derma Co Sali-Cinamide Anti-Acne Face Wash With 2% Salicylic Acid & 2% Niacinamide - Pack Of 2,,tira,7596772,0.9
8801051012552,tira,7598370,The Face Shop,The Face Shop Ceramide & Rice Emulsion - Barrier Repair Korean Brightening Moisturizer (70 ml),70ml,nykaa,15119864,0.964
8806182535451,tira,7538503,The Face Shop,The Face Shop Ceramide & Rice Face Toner - Korean Skincare for Brightness & Minimizes Pores (150 ml),150ml,nykaa,465783,1.0
8801051283860,tira,7538547,The Face Shop,The Face Shop Collagen & Pomegranate Moisturizer Anti Aging Korean Beauty Day & Night Cream (100 ml),100ml,nykaa,465777,1.0
8806182529412,tira,7538518,The Face Shop,The Face Shop Collagen & Pomegranate Serum - Best Anti Aging Korean Serum with Panthenol (80 ml),80ml,nykaa,465776,1.0
8801051084641,amazon,B0CZ8VTVHW,The Face Shop,"The Face Shop Collagen & Pomegranate Volume Lifting Face Serum | With 10% Marine Collagen & Hyaluronic Acid for Firming, Wrinkle Care & Intense Hydration | Korean Skincare Serum, 30ml",30ml,nykaa,15119869,0.95
8801051085143,nykaa,15488201,The Face Shop,The Face Shop Pomegranate & 10% Collagen Korean Beauty Moisturizer - Anti Aging Day & Night Cream,,tira,7598373,0.9
8806182550997,amazon,B00FJ2LU2Q,The Face Shop,The Face Shop Rice Water Bright Cleansing foam 150 Ml | Face Wash for Glowing Skin | Cleanser for Uneven Skin Tone | Korean Skin Care Products For all skin types,150ml,nykaa,178640,0.943
8800335734807,tira,7540709,The Face Shop,The Face Shop Rice Water Bright Foaming Cleanser - Best Korean Face Wash for Even Tone Skin (100ml),100ml,nykaa,4480826,1.0
8801051987157,tira,7573128,The Face Shop,The Face Shop Vegan Sunscreen Serum SPF 50+ PA++++ : Korean Sun Serum with Niacinamide (50ml),50ml,nykaa,12662567,0.941
8809949512979,tira,8637604,The Face Shop,The Face Shop Vitamin E Gentle Exfoliating Lip Scrub With Korean Rice (14 g),14g,nykaa,22153325,1.0
8905856269712,nykaa,18438399,The Formularx,"The Formularx Air Brush Facial Lactic Acid Face Serum For Tan Removal, Brightening & Glow",50g,tira,7577766,1.0
8905856269743,nykaa,18438397,The Formularx,"The Formularx Barrier Plus Peptide Ceramide Moisturizer For Dry, Normal, & Sensitive Skin",50g,tira,7577765,1.0
8905856269750,nykaa,18438398,The Formularx,"The Formularx Barrier Relief Lightweight Ceramide Moisturizer For Oily, Acne-Prone, Sensitive Skin",50g,tira,7577762,1.0
198168640579,nykaa,18438396,The Formularx,"The Formularx Gentle Retinol Night Serum For Acne, Dark Spots, Enlarged Pores & Anti-Aging Care",30g,tira,7594713,1.0
8905856269729,nykaa,18438400,The Formularx,"The Formularx Vitamin C Brightening Face Serum With Arbutin For Glow, & Dark Spots Removal",30g,tira,7577764,1.0
769915233339,nykaa,18116044,The Ordinary,The Ordinary Glycolic Acid 7% Exfoliating Mini Toner,100ml,tira,7609355,1.0
769915233490,tira,7609356,The Ordinary,The Ordinary Hyaluronic Acid 2% + B5 V2 Next Gen (30 ml),30ml,nykaa,13806302,0.925
769915236415,tira,10748428,The Ordinary,The Ordinary Rice Lipids + Ectoin Microemulsion (120 ml),120ml,nykaa,25621277,0.975
769915235401,nykaa,22266007,The Ordinary,The Ordinary Sulfur 10% Powder-to-Cream Concentrate - Acne Spot Correction for Sensitive Skin,5g,tira,8657752,1.0
8908013309375,amazon,B09S6MJRTX,The Pink Foundry,"The Pink Foundry Acne Spot Corrector with Salicylic Acid & Sulfur for Active Acne, Blackheads & Whiteheads | Reduce pimple with overnight use | All Skin Types | Dermatologically Tested | 15ml",15ml,nykaa,4740188,0.937
8908013309658,nykaa,28060719,The Pink Foundry,The Pink Foundry Brightening & Exfoliating Vit-C Daily Face Wash,,tira,8660883,0.9
8908013309269,amazon,B09FYHBWRY,The Pink Foundry,"The Pink Foundry Acne Spot Corrector with Salicylic Acid & Sulfur for Active Acne, Blackheads & Whiteheads | Reduce Pimple with overnight use | All Skin Types | Dermatologically Tested | 30ml",30ml,nykaa,1417830,0.906
8908013309269,tira,7523493,The Pink Foundry,The Pink Foundry Overnight Acne Spot Corrector (30ml),30ml,nykaa,1417830,0.906
8908013309443,amazon,B0C9QWSM33,The Pink Foundry,"The Pink Foundry Pore Refining & Soothing Clay Mask with Cica | Deeply Cleanses Skin, Increases Hydration & Absorbs Extra Oil from Skin | Minimises Pores & Reduces Excess Oil | For Men & Women | 100g",100g,nykaa,12003781,0.903
8809679698929,tira,7609127,TIRTIR,TIRTIR Ceramic Milk Ampoule (10 ml),10ml,nykaa,17715059,1.0
8809928134321,tira,7609126,TIRTIR,TIRTIR Hydro Boost Enzyme Cleansing Balm (120 ml),120ml,nykaa,17715056,1.0
8809928134345,tira,7609129,TIRTIR,TIRTIR Hydro Boost Enzyme Cleansing Balm (9 ml),9ml,nykaa,17715058,1.0
8809928134338,nykaa,17715070,TIRTIR,TIRTIR Hydro Boost Enzyme Cleansing Balm,,tira,7609132,0.9
8809928134352,tira,7609128,TIRTIR,TIRTIR Hydro Boost Enzyme Powder Wash (75 g),75g,nykaa,17715061,1.0
8809928131153,tira,7609120,TIRTIR,TIRTIR Milk Skin Toner (150 ml),150ml,nykaa,17715050,1.0
8809928132488,tira,7609116,TIRTIR,TIRTIR Milk Skin Toner (50 ml),50ml,nykaa,17715051,1.0
8809928136004,tira,8681907,TIRTIR,TIRTIR Waterism Glow Melting Balm - 04 Fig Peach (3.3 g),3.3g,nykaa,25209849,1.0
8809928136011,tira,8681925,TIRTIR,TIRTIR Waterism Glow Melting Balm - 05 Scotch Shot (3.3 g),3.3g,nykaa,25209850,1.0
8809928136028,tira,8681932,TIRTIR,TIRTIR Waterism Glow Melting Balm - 06 Honey Nut (3.3 g),3.3g,nykaa,25209851,1.0
8809928136035,tira,8681931,TIRTIR,TIRTIR Waterism Glow Melting Balm - 07 Cassis Plum (3.3 g),3.3g,nykaa,25209852,1.0
8909106048287,amazon,B0GFVLQTCS,Vaseline,"VASELINE Cloud Soft, Light Moisturiser, 100 ml, for Plump, Soft Skin, with Ceramides & Hyaluron Fillers, 10X Hydration Volume, Non-Sticky",100ml,nykaa,20102275,0.96
8909106048294,amazon,B0F4WSLDD5,Vaseline,"VASELINE Cloud Soft, Light Moisturiser, 200 ml, for Plump, Soft Skin, with Ceramides & Hyaluron Fillers, 10X Hydration Volume, Non-Sticky",200ml,nykaa,20102274,0.96
8909106048294,tira,7960550,Vaseline,Vaseline Cloud Soft Light Moisturiser 100 Hours Non-Sticky Hydration Ceramides and Hyaluron (200 ml),200ml,nykaa,20102274,0.96
8909106050112,amazon,B0F4W9RPZ2,Vaseline,"VASELINE Cloud Soft, Light Moisturiser, 300 ml, for Plump, Soft Skin, with Ceramides & Hyaluron Fillers, 10X Hydration Volume, Non-Sticky",300ml,nykaa,20102273,0.96
8909106064034,amazon,B0F4WS1FB5,Vaseline,"VASELINE Cloud Soft, Light Moisturiser, 100 ml, for Plump, Soft Skin, with Ceramides & Hyaluron Fillers, 10X Hydration Volume, Non-Sticky",100ml,nykaa,25431352,0.96
8901030733673,nykaa,535498,Vaseline,Vaseline Derma Care Advanced Repair Body Lotion,,tira,7527483,0.9
8901030733680,tira,7527486,Vaseline,Vaseline Derma Care Advanced Repair Body Lotion - (400ml),400ml,nykaa,535497,0.994
8909106079953,amazon,B0H25YRKN5,Vaseline,VASELINE Gluta Hya AHA BHA Exfoliating Lotion 200 ML | Exfoliates Dead Skin | Smooths Rough Skin,200ml,tira,15534873,1.0
8901030852596,nykaa,28088,Vaseline,Vaseline Healthy Bright Complete 10 Body Lotion,,tira,7527798,0.9
8901030546723,tira,7527468,Vaseline,Vaseline Healthy Bright Complete 10 Body Lotion - (200ml),200ml,nykaa,148758,1.0
8901030733901,tira,7527477,Vaseline,Vaseline Healthy Bright Complete 10 Anti-Ageing Body Lotion (400ml),400ml,nykaa,535509,1.0
8901030733635,tira,7527768,Vaseline,Vaseline Healthy Bright Daily Brightening Body Lotion - (400ml),400ml,nykaa,535491,1.0
8801619047569,amazon,B08YY28JDD,Vaseline,Vaseline Lip Care | Cocoa Butter Lip Balm Stick | up to 48Hr moisturization | with cocoa & shea butter | made in South Korea | 4.8g,4.8g,nykaa,23603279,0.946
8801619047545,amazon,B08HN3N28W,Vaseline,Vaseline Lip Care | Rosy Lips Tinted Lip Balm Stick | up to 48Hr moisturization | with almond oil & rose extract | made in South Korea | 4.8g,4.8g,nykaa,23603281,0.909
8906127101267,amazon,B0FVLYYZN8,WishCare,"WishCare 2:1:3 NMF Water Gel Moisturizer for Face Oily Skin, Dry Skin, 50ml | Oil-Free Moisturizer Cream For Acne Prone Face, With Niacinamide, Zinc PCA & NMF, Controls Oil & Hydrates, For Women & Men",50ml,nykaa,23106820,0.92
8906127101380,tira,8914385,WishCare,WishCare Daily Fluid Tinted Sunscreen SPF50PA++++ L101 (50 ml),50ml,nykaa,25406490,1.0
8906127101397,tira,8914379,WishCare,WishCare Daily Fluid Tinted Sunscreen SPF50PA++++ L102 (50 ml),50ml,nykaa,25406491,1.0
8906127101465,tira,8914380,WishCare,WishCare Daily Fluid Tinted Sunscreen SPF50PA++++ R301 (50 ml),50ml,nykaa,25406498,1.0
8906127101489,tira,8914381,WishCare,WishCare Daily Fluid Tinted Sunscreen SPF50PA++++ R303 (50 ml),50ml,nykaa,25406500,1.0
8906127101526,amazon,B0H4Q6Q91V,WishCare,"WishCare Niacinamide Oil Balance Fluid Sunscreen SPF 50 PA++++, 80ml | In-Vivo Tested, Lightweight & No White Cast, Photostable Sunscreen For Oily Skin with 8Hrs+ SPF Protection, For Women & Men",80ml,nykaa,27963872,0.944
8906127100208,nykaa,603481,Wishcare,"WishCare Pure & Natural Aloe Vera Gel for Face & Hair- Hydrates, Moisturizes & Soothes Skin",200ml,tira,7571164,1.0
8906127100215,nykaa,709350,Wishcare,"WishCare Pure & Unscented Glycerine for Healthy Skin & Hair|Hydrates, Softens & Nourishes Skin &Hair",250g,tira,7551206,1.0
